mysql> SELECT * FROM addressbook_table;
+-----------+----------+-------------+---------------+---------------+--------+--------------+------------------------------+--------+
| firstName | lastName | address     | city          | state         | zip    | phone_number | email_address                | type   |
+-----------+----------+-------------+---------------+---------------+--------+--------------+------------------------------+--------+
| gaurav    | Kumar    | ghaziabad   | Uttar pradesh | Uttar pradesh | 201009 | 0123456789   | gauravchandna@bridgelabz.com | friend |
| Arjun     | Reddy    | Amberpet    | Banglore      | Karnataka     | 500013 | 0123456789   | arav@gmail.com               | friend |
| heena     | khan     | mayur vihar | delhi         | india         | 500787 | 9999999999   | heena@gmail.com              | family |
+-----------+----------+-------------+---------------+---------------+--------+--------------+------------------------------+--------+
3 rows in set (0.00 sec)

mysql> INSERT INTO addressbook_table (firstName, lastName, address, city, state, zip, phone_number, email_address, type) VALUES
    -> ('Namitha', 'Nayak', 'Amberpet', 'Hyderabad', 'Telangana', '587954', '777777777','namitha@gmail.com','friends');
Query OK, 1 row affected (0.00 sec)

mysql> SELECT * FROM addressbook_table;
+-----------+----------+-------------+---------------+---------------+--------+--------------+------------------------------+---------+
| firstName | lastName | address     | city          | state         | zip    | phone_number | email_address                | type    |
+-----------+----------+-------------+---------------+---------------+--------+--------------+------------------------------+---------+
| gaurav    | Kumar    | ghaziabad   | Uttar pradesh | Uttar pradesh | 201009 | 0123456789   | gauravchandna@bridgelabz.com | friend  |
| Arjun     | Reddy    | Amberpet    | Banglore      | Karnataka     | 500013 | 0123456789   | arav@gmail.com               | friend  |
| heena     | khan     | mayur vihar | delhi         | india         | 500787 | 9999999999   | heena@gmail.com              | family  |
| Namitha   | Nayak    | Amberpet    | Hyderabad     | Telangana     | 587954 | 777777777    | namitha@gmail.com            | friends |
+-----------+----------+-------------+---------------+---------------+--------+--------------+------------------------------+---------+
4 rows in set (0.00 sec)

mysql> INSERT INTO addressbook_table (firstName, lastName, address, city, state, zip, phone_number, email_address, type) VALUES
    -> ('Namitha', 'Nayak', 'Amberpet', 'Hyderabad', 'Telangana', '587954', '777777777','namitha@gmail.com','family');
Query OK, 1 row affected (0.01 sec)

mysql> SELECT * FROM addressbook_table;
+-----------+----------+-------------+---------------+---------------+--------+--------------+------------------------------+---------+
| firstName | lastName | address     | city          | state         | zip    | phone_number | email_address                | type    |
+-----------+----------+-------------+---------------+---------------+--------+--------------+------------------------------+---------+
| gaurav    | Kumar    | ghaziabad   | Uttar pradesh | Uttar pradesh | 201009 | 0123456789   | gauravchandna@bridgelabz.com | friend  |
| Arjun     | Reddy    | Amberpet    | Banglore      | Karnataka     | 500013 | 0123456789   | arav@gmail.com               | friend  |
| heena     | khan     | mayur vihar | delhi         | india         | 500787 | 9999999999   | heena@gmail.com              | family  |
| Namitha   | Nayak    | Amberpet    | Hyderabad     | Telangana     | 587954 | 777777777    | namitha@gmail.com            | friends |
| Namitha   | Nayak    | Amberpet    | Hyderabad     | Telangana     | 587954 | 777777777    | namitha@gmail.com            | family  |
+-----------+----------+-------------+---------------+---------------+--------+--------------+------------------------------+---------+
5 rows in set (0.00 sec)

mysql>